,content,id,lat,location,lon,time,user,user_id
0,@MichaelToole https://t.co/bwacJa6EVm,968546545338601473,,02139,,2018-02-27 18:01:05,hoover_dam,35197742
1,"‚ÄúBad Breath‚Äù - üçïof feta, pesto, caramelized onions, garlic, basil, spinach, tomatoes, arugula‚Ä¶ https://t.co/88h2BsLmAV",968545837105254408,-71.09821558,"Boston, MA",42.3468411,2018-02-27 17:58:16,GameOnFenway,30972506
2,What do u serve here? #mainelyburgers #burger #burgerporn @ Mainely Burgers https://t.co/Cfg9wRQ5Ie,968543927325339648,-71.10491,Sydney,42.36592,2018-02-27 17:50:41,dryasadingo,35187666
4,"@Bowsnonk yeah and it's not like the joke doesn't work by changing it to ""pay by the hour meth lab motel"" or similar",968543104348442628,,02139,,2018-02-27 17:47:25,hoover_dam,35197742
5,"@FriendlyFAUX The Green Book, only for American soccer fandom",968538903715172352,,02139,,2018-02-27 17:30:43,hoover_dam,35197742
6,"Want to work at Massachusetts Institute of Techn...? We're #hiring in #Cambridge, MA! Click for details:‚Ä¶ https://t.co/C38DWwFHCG",968537971048656896,-71.0824613,"Boston, MA",42.3635847,2018-02-27 17:27:01,tmj_bos_edu,21799895
7,"Tuesday Tips with Donte Harrison:

[On being part of City Music] ‚ÄúIf you are wondering how‚Ä¶ https://t.co/yRiNCkyqxj",968537330771521536,-71.08881712,"Boston, MA",42.34717414,2018-02-27 17:24:28,CityMusicBoston,1954374439
8,@MichaelToole THANKS MOM,968536037130727431,,02139,,2018-02-27 17:19:20,hoover_dam,35197742
9,"Update: no cavities, but a planing in my future, as you could park a truck in some of those gum pockets üò¨",968534871898513409,,02139,,2018-02-27 17:14:42,hoover_dam,35197742
10,PSA: 2016 ros√© is 1. still in BOS 2. still delicious (possibly even better; over any travel‚Ä¶ https://t.co/Wj2tCDTgZs,968527241046122496,-71.09686,"CENTRAL SQ., Cambridge, MA",42.36117,2018-02-27 16:44:23,centralbtlwine,59888158
12,"You look very tastyüòç May I eat you?üòù
........................
Pek lezzetli g√∂r√ºn√ºyorsun! Seni‚Ä¶ https://t.co/rtbzSson1k",968524997412249602,-71.08283136,ƒ∞stanbul,42.36504124,2018-02-27 16:35:28,KokoshAnne,524757059
13,"üå∫‚òÄÔ∏èüå∫#Hibiscus Jasmine tea, so yummy and packed full of vitamins A, C and‚Ä¶ https://t.co/CfhU1e8MDx",968522888088350720,-71.0986961,"Cambridge, MA",42.3626014,2018-02-27 16:27:05,abidecambridge,867397423831896065
15,"TONIGHT: Nina and Sundial!

Rsvp: https://t.co/AE2OeT2FFM https://t.co/tvD0qhGw99",968522052490711045,,"Cambridge, MA 02139",,2018-02-27 16:23:46,zuzubar,54668956
16,6 months with you flew by. I love you my lil duckling üåπü¶Üüåπ @ Parallax https://t.co/WghDH6UALU,968521369590800385,-71.10186338,,42.34760233,2018-02-27 16:21:03,HolyTerrorHvnny,56596359
17,"#lovemyneighborhood 
#Boston #SouthEnd #Backbay

#16YrSouthEndResident @ Hynes Convention Center‚Ä¶ https://t.co/egRAM8p9Oh",968518107873488896,-71.087828,"Massachusetts, USA",42.347806,2018-02-27 16:08:05,LloydLegacy617,452483362
18,HORSE SHIT THEA TER (clap 5x) @MAPFREStadium @ussoccer_wnt https://t.co/ctjKikLQtU,968516168884596736,,02139,,2018-02-27 16:00:23,hoover_dam,35197742
19,A little push/pull action this morning....here‚Äôs a little of the workout.  First video: Walkout‚Ä¶ https://t.co/L7OQHNfWkh,968516148533911554,-71.08501,"Boston, MA",42.3483,2018-02-27 16:00:18,nlfhealth,275808641
20,@thetvmuseum @AnnLarimer @BBCRadio4 All with good consent I hope,968515733947867137,,02139,,2018-02-27 15:58:39,hoover_dam,35197742
21,@Classlicity @HBAdventure America Wants Kessels,968511956532514816,,02139,,2018-02-27 15:43:39,hoover_dam,35197742
22,@elmcitydance is coming to @DanceComplex March 9 &amp; 10! GET YOUR TICKETS TODAY!!‚Ä¶ https://t.co/BSguIM548E,968507856139022336,-71.10233,536 Mass Ave. Cambridge MA,42.36419,2018-02-27 15:27:21,DanceComplex,2218022312
23,THU 7:15PM: Just a couple of days left for secular humanist speaker and writer @DanielShkolnik to join us on campus‚Ä¶ https://t.co/iLj2pfwWKI,968504563320934400,,"Cambridge, MA",,2018-02-27 15:14:16,SecularMIT,783629079966867456
24,@PatrickWBarrett @jessekb @TimToomey1 For a policy order that‚Äôs just an empty gesture,968503327406338049,,,,2018-02-27 15:09:21,geep9,28477466
25,"""@MoiseJovenel a plaid√© pour l‚Äôint√©gration du Cr√©ole comme l‚Äôune des langues officielles et de travail au niveau du‚Ä¶ https://t.co/4brw8IDS4r",968502431834431488,,MIT,,2018-02-27 15:05:48,MichelDeGraff,2203470013
26,Cinnamon swirl nutella stuffed french toast.. my life is forever changed üòç#foodie @ Cafe Luna https://t.co/OrZflF5mWQ,968498691807043584,-71.0927848,MA,42.3627822,2018-02-27 14:50:56,alilicious__,27187367
27,@PatrickWBarrett @jessekb I guess @TimToomey1 was listening to this?,968495061368438785,,,,2018-02-27 14:36:31,geep9,28477466
28,"@bensaufley As someone who was 8 in 1985, Stranger Things and RP1 can go piss up a rope",968494690512330752,,02139,,2018-02-27 14:35:02,hoover_dam,35197742
29,the 82% has spoken üòâsee you next friday? @ Berklee Cafeteria https://t.co/7RnntBxlIS,968489427436802048,-71.08691,Under the bridge,42.34628,2018-02-27 14:14:07,bittymacbeth,82059112
30,Cheers!! This is my type of martini üòçüòçüòç @ Itadaki Boston https://t.co/rtS0Eqb7dq,968488181070024705,-71.08359,"Boston, MA",42.34956,2018-02-27 14:09:10,gloriachin,65109971
31,Enjoying fantastic Panel Women‚Äôs Network Breakfast ‚ÄúWorkplace Culture‚Äù In Boston. #BostonChamber‚Ä¶ https://t.co/bnOCoVds6r,968484642134380544,,"Halifax, N.S.",,2018-02-27 13:55:06,FloriaWellness,904035738
32,From the #MeToo movement to the pipeline excuse to the role of everyone in speaking up and speaking out ‚Äî a powerfu‚Ä¶ https://t.co/ghvQNh4tz2,968480887594774530,,boston/chicago/‚úàÔ∏è via ireland,,2018-02-27 13:40:11,sarahmceneaney,236206118
33,Panelists at @bostonchamber breakfast: #MeToo is having a a major impact in changing the way companies do business‚Ä¶ https://t.co/fYdanlBJxU,968478418345103360,,"Boston, MA",,2018-02-27 13:30:23,Jay_McQuaide,3413274676
34,"#Throwback when I had my face #tattoos , always training...
#training 
#stayinshape‚Ä¶ https://t.co/RNOLJWtMFF",968477551139147782,-71.106682,"California, USA",42.366787,2018-02-27 13:26:56,hazzo28,464952638
36,whoa. huge if true https://t.co/YTgLPj04AZ,968472802482368513,,"Cambridge, MA",,2018-02-27 13:08:04,Moomoomoo1,23379347
37,"Want to work at Massachusetts Institute of Techn...? We're #hiring in #Cambridge, MA! Click for details:‚Ä¶ https://t.co/w8D2fZtKlF",968469557051457536,-71.1032591,"Boston, MA",42.3647559,2018-02-27 12:55:10,tmj_bos_itmgmt,106009252
38,@bchesky @bchesky @Airbnb please bring Airbnb Plus and experiences to Cambridge MA and the cape,968468524875288576,,"cambridge, ma 02139",,2018-02-27 12:51:04,mirandaLevy333,124232294
39,@bchesky Include Cambridge MA please,968466786625773568,,"cambridge, ma 02139",,2018-02-27 12:44:09,mirandaLevy333,124232294
40,@bchesky Can‚Äôt wait for experiences coming to Cambridge MA,968465774338891776,,"cambridge, ma 02139",,2018-02-27 12:40:08,mirandaLevy333,124232294
41,@MichaelToole https://t.co/7pUnkazqnZ,968455716200767488,,02139,,2018-02-27 12:00:10,hoover_dam,35197742
42,Today: https://t.co/qu3lavcB6G @Dentist_Chui,968455638153089024,,02139,,2018-02-27 11:59:51,hoover_dam,35197742
43,"Good morning Boston, Ma and the world, wishing you an amazing week.‚Ä¶ https://t.co/hlXyIy6bwu",968452370752462848,-71.088367,USA,42.34707,2018-02-27 11:46:52,jetroscholar,27477923
44,Intersection #stairs #blackandwhitephotography #nikond500 #mit‚Ä¶ https://t.co/AdWkpcPN4Y,968442140383698945,-71.090255,Schenectady NY,42.36164,2018-02-27 11:06:13,TrinacriaPhoto,594721653
45,Up to 56% Off at Mogi'z Salon and Art Gallery - Cambridge https://t.co/Y4eCsdU6xW,968441107582537734,-71.0854,"Boston, MA",42.3716,2018-02-27 11:02:07,SB_BostonDeals,535415623
46,Channeled my inner #lesleyknope as I indulged in #waffle day at @longfellowscam this weekend!‚Ä¶ https://t.co/BEGfuRreQu,968440951537467392,-71.09813,"Boston, MA",42.36803,2018-02-27 11:01:30,LilMissRunshine,188569060
47,"Prolonging the birthday magic with oysters, lobsters and fave‚Ä¶ https://t.co/TWnvwWoehh",968357778812174337,-71.0812,"41.400877,-73.416394",42.34933,2018-02-27 05:31:00,andreinyc,14110509
48,@TheLucasSteele Can‚Äôt even describe the level of respect I have for @TheLucasSteele . Also that savageness though.‚Ä¶ https://t.co/KtPtLGkuEO,968345389500915714,,"Boston, MA",,2018-02-27 04:41:46,MelissaThomasss,101224765
49,"@dylanminnettee thanks for the best night, hope you liked our roses üåπ @wallowsmusic https://t.co/Fuj9FyYhz2",968343664438185985,,Joshua 1:9,,2018-02-27 04:34:55,CourtneyMcGonde,756448248
50,@AnnLarimer @Etsy Man @KevinEHartman never did sign that Gary Tiel portrait for me,968339759838920706,,02139,,2018-02-27 04:19:24,hoover_dam,35197742
51,"""Ridin with my n*ggas, cuz they understand me"" - PND https://t.co/eAPEgcysn1",968332250755551232,,where lowkey ppl be at...,,2018-02-27 03:49:33,WeirdGuyAkim,167921627
52,"Not quite there yet, but hey, Happy Lantern Festival! https://t.co/amsq0tecLy",968327765060616196,,"Cambridge, MA",,2018-02-27 03:31:44,HaikunHe,844700490
53,Yeah but what does President Miller think? https://t.co/WcrX9GwdKT,968326676500434946,,"Cambridge, MA",,2018-02-27 03:27:24,kevin_doyle,15926388
54,#startupweekend was rocking with @ErikModahl #love #Coldbrew #community #boston #cambridge @ IBM‚Ä¶ https://t.co/kiNdH0tVRa,968324730414620673,-71.0793909,"Boston, MA",42.3654714,2018-02-27 03:19:40,ErikModahl,553989316
55,@WelcomeToDot The word character should be made illegal for this‚Ä¶..people should be asked to define what they mean and defend it,968324175625670656,,,,2018-02-27 03:17:28,geep9,28477466
56,@BostonGlobe he should be practicing!!!!!!!!!!!!!!!!!!!!!!!!!!!!,968316374367064064,,"Cambridge, MA",,2018-02-27 02:46:28,Moomoomoo1,23379347
57,This data visualization practice is a kind of a time of a time machine. 2 hours pass like 15 min #bigdatavisualization #OpenData,968315960221487104,,Earth,,2018-02-27 02:44:50,shumbro,392622770
58,MIJA was a night to remember this past Sauce Saturday with my rave fam! My third time seeing her‚Ä¶ https://t.co/ZONgCg1qrJ,968314114387955717,-71.1015935,Getting Lost | Masshole,42.3636049,2018-02-27 02:37:29,plurr_Jordan,554046771
59,@JimGaffigan @drewmagary,968314020590702593,,"Cambridge, MA",,2018-02-27 02:37:07,Moomoomoo1,23379347
60,My Morty doll is me after a long day of hard work üôåüèº #SzechuanSauce #MidtermWeek @ Boston‚Ä¶ https://t.co/k744C0a1V6,968311405148434432,-71.09953,"Boston, MA",42.34958,2018-02-27 02:26:44,AnToneMcTony,196904798
61,Drinking a Franziskaner Hefe-Weissbier Naturtr√ºb by @DrinkSpaten @ A4cade ‚Äî https://t.co/AwfxaHk03s,968307711380160512,-71.0984,,42.3621,2018-02-27 02:12:03,mryeeagi,559838769
62,I feel like I've eaten a lot of meals requiring bibs recently... @ Legal Sea Foods https://t.co/LfcuJpnqBC,968306400261746689,-71.0874098,"Somerville, MA",42.3626755,2018-02-27 02:06:50,blumie,14575152
63,@hermanos and always tip well,968304940325236736,,02139,,2018-02-27 02:01:02,hoover_dam,35197742
64,MIJA was a night to remember this past Sauce Saturday with my rave fam! My third time seeing her‚Ä¶ https://t.co/zaMPkjpPTF,968303392459296768,-71.1015935,Getting Lost | Masshole,42.3636049,2018-02-27 01:54:53,plurr_Jordan,554046771
65,"We have a motivated group this semester, eager to take on the challenges of #climatechange in the built environment‚Ä¶ https://t.co/AcjTWPk8ZR",968302772557963264,,"Boston, MA",,2018-02-27 01:52:25,arlenstawasz,163862777
66,Proud to announce that I‚Äôll be performing for the first time opening up for xanxiety ........ IN‚Ä¶ https://t.co/GMkYbAXU1X,968301740008333313,-71.10143,Everywhere a dolla be,42.36386,2018-02-27 01:48:19,GMB__G,43447947
67,Drinking an Imperial by Cerveceria Costa Rica (Florida Bebidas) @ A4cade ‚Äî https://t.co/RJRJTgdLbt,968300816913362944,-71.0984,,42.3621,2018-02-27 01:44:39,mryeeagi,559838769
68,TFW it‚Äôs yoga time https://t.co/frbSjar0oS,968295525123608577,,"Boston, MA",,2018-02-27 01:23:37,arcurley,2196458294
69,üôÑ https://t.co/San2t8WW0q,968294260519919617,,"Cambridge, MA",,2018-02-27 01:18:36,kevin_doyle,15926388
70,Boston looks gorgeous at night. @ Longfellow Bridge https://t.co/QqlnL8wrb0,968292628524556288,-71.07527778,"Oxfordshire, UK",42.36166667,2018-02-27 01:12:07,ernmander,15929575
71,"I PLEDGE TO WORK FOR FREE for any school to help secure the children. I am a 29 year retired veteran, Infantry Serg‚Ä¶ https://t.co/Te7x2ZlnTz",968291251291336704,,02139,,2018-02-27 01:06:38,hoover_dam,35197742
72,"Mounk, Ramirez, and Acemoglu discuss populism, platforms, and the future of democracy at the @MIT_CIS #StarrForum https://t.co/ZDVHkWDIwL",968290635060047872,,"Cambridge, MA",,2018-02-27 01:04:12,SohanDsouza,136451330
73,can‚Äôt wait to see this beautiful manüíõ @ House of Blues Boston https://t.co/K6J8BWUeYi,968282105183653888,-71.0955,"Massachusetts, USA",42.34734,2018-02-27 00:30:18,Daniela_Maria15,362115930
74,"üíô #tb #boston #usa 
#whattamdoinboston2018 
#chapterthreetammyslifeasacrew @ Massachusetts‚Ä¶ https://t.co/bIsWLmLfce",968280787232620545,-71.09167506,Kuwait,42.35912365,2018-02-27 00:25:04,tammheee,72300099
75,"Flash back to a few weeks ago at the hobboston with @matomaofficial 
#oneinamilliontour‚Ä¶ https://t.co/muNwLvwbz0",968276299155374080,-71.0955,"Boston, MA",42.34734,2018-02-27 00:07:14,Martyg84,82165450
76,"Playing a little funky. I hope you dig it, happy Monday!!! @ Berklee College of Music - 160 Mass‚Ä¶ https://t.co/ol7mE5UzTd",968275573662302208,-71.0870288,"Boston, MA",42.3462856,2018-02-27 00:04:21,VladeGuigni,79611240
77,"üé∂Bound by a wild desire, I fell in to a ring of üî•üé∂ Happy Birthday Johnny Cash! We‚Äôre celebratin‚Äô‚Ä¶ https://t.co/yiiSaPxizQ",968274340860047360,-71.09449,"Boston, MA",42.34732,2018-02-26 23:59:27,LorettasTweetin,2499927606
78,"At ""Is democracy dying?"" with @DrDaronAcemoglu.
@MITevents https://t.co/QWQGq8tTy3",968270562542964736,,"Cambridge, MA",,2018-02-26 23:44:26,msjalali,83161395
79,The #StarrForum at @MIT_CIS with Melissa Nobles @DrDaronAcemoglu @Yascha_Mounk and @mariaramirezNY is about to star‚Ä¶ https://t.co/IyJBWzvSW2,968269146835349504,,"Cambridge, MA",,2018-02-26 23:38:48,eduardosuarez,18757892
80,happy birthday to me üéâüéÇ thank you to Chris for making this day a very special day üíï #21 @ Boston‚Ä¶ https://t.co/uWkXQVgyz4,968267533575913473,-71.08851,"Boston, MA",42.34685,2018-02-26 23:32:24,vanessaamariaa,128729568
81,"üï∫üèΩüáµüá∑üíÉüèΩ #PuertoRico #Culture #Plena #Berklee
Full Video in my FB Page üîù @ Berklee Performance Center https://t.co/cRecRIIPdh",968263835726565377,-71.08704,Puerto Rico,42.34707,2018-02-26 23:17:42,ejoseofficial,2605772449
82,"I'm at Kashmir Indian Restaurant - @kashmirboston in Boston, MA https://t.co/QuQYx02t6j",968263106676903938,-71.08396871,"Boston, MA",42.34925188,2018-02-26 23:14:48,NA98c,924789265309011969
83,"Took some shots from this past saturday night üëåüèΩüí∞ üì∏
#HopelessDreams @ Middle East Restaurant and‚Ä¶ https://t.co/P272sUMLiA",968262316419674112,-71.10143,"Boston, MA",42.36386,2018-02-26 23:11:40,CarnagexDreams,235697291
84,So proud of @KatyCroffBell closing a fabulous day one of the ‚ÄúHere Be Dragons‚Äù ocean technology and storytelling wo‚Ä¶ https://t.co/tBGAIbCKvB,968260983171973120,,"Philadelphia, PA",,2018-02-26 23:06:22,sepoulton,14502889
85,"Oh hello week. Let‚Äôs do this [Tangled] Bombay sapphire gin, elderflower liquor, butterfly pea tea, la marca prosecc‚Ä¶ https://t.co/Ftm9F5eGSm",968260293519388673,,"Boston, MA",,2018-02-26 23:03:38,towneboston,854019995382239235
86,"‚ÄúThis will help improve my back bends!‚Äù
REALITY: https://t.co/lqtFNc4EvO",968259967944978432,,02139,,2018-02-26 23:02:20,hoover_dam,35197742
87,I have once again stumbled upon the thought that winter is the worst season.,968255896408215554,,"Cambridge, MA",,2018-02-26 22:46:09,kevin_doyle,15926388
88,Drinking a Pseudo Sue by @theTGBNews at @meadhall ‚Äî https://t.co/hVlSXjSEoC #photo,968255381037375489,-71.0873,"Boston, MA",42.3637,2018-02-26 22:44:06,ElDu,36077654
89,They're heeeeere @ Meadhall https://t.co/78Nt8iYGgq,968254626867957761,-71.08747081,"Boston, MA",42.36389598,2018-02-26 22:41:07,ElDu,36077654
91,"Catch me on foodnetworkchopped March 13th 10pm et/pt #chopped

Come in to @mcgreevysboston for‚Ä¶ https://t.co/PvYbi7eVqy",968253393473908736,-71.08441,N 42¬∞21' 0'' / W 71¬∞4' 0'',42.34847,2018-02-26 22:36:12,Enikeev14,67382492
92,‚ú®never dull your sparkle‚ú® #goodwillfinds #sequins #thriftstorefinds #sparkle #thrifting‚Ä¶ https://t.co/IeYATU4yIC,968249030160584706,-71.10194,"Boston, MA",42.36416,2018-02-26 22:18:52,goodwillboston,107462440
93,Really like the decor &amp; the #oysters at @selectoysterbar. Lovely meeting up &amp; working together again @leahboston !‚Ä¶ https://t.co/lD91ILJT2Z,968244436324044805,,"Boston, MA",,2018-02-26 22:00:37,MsKluender,1326284126
94,@TridentBooks I‚Äôm so glad I found you! Every time I go to a conference or give a lecture in a city I try to find th‚Ä¶ https://t.co/vMcTsBSAzL,968242430578438145,,"Santa Barbara, CA",,2018-02-26 21:52:39,DrMireille,17883701
95,"Ahhhh. Tan tan. (@ Santouka Ramen in Boston, MA) https://t.co/zIjSUMAoib",968236978197221380,-71.08551948,,42.34849585,2018-02-26 21:30:59,xaimaica,30917138
96,Reading in the giant swing @ Old Morse Park https://t.co/91iIEOtXjv,968235258742272001,-71.1075418,"iPhone: 42.356869,-71.107216",42.3580152,2018-02-26 21:24:09,andrewhampshire,27763711
97,"What does brand management for @Lifeisgood look like? Learning from President, Lisa Tanzer, on how to be authentic. https://t.co/F3IzaWnHts",968234817090400256,,"Boston, MA",,2018-02-26 21:22:23,sahrahsee,26165451
98,"President of @Lifeisgood, Lisa Tanzer, discusses how creativity turned into a business &amp; the brand management that‚Ä¶ https://t.co/F4zrrkErBH",968234357155614721,,"Boston, MA",,2018-02-26 21:20:34,BUArtsInitiativ,225927431
99,"This #job might be a great fit for you: Lessons Associate - https://t.co/opPC02fJag #Education #Boston, MA #Hiring #CareerArc",968226386677608448,-71.090008,"Boston, MA",42.3519178,2018-02-26 20:48:54,tmj_bos_edu,21799895
100,Drinking a Brewski by @beer_works at @beer_works ‚Äî https://t.co/stjeLpoa7C #photo,968224591775719424,-71.0989,"Saint John, New Brunswick",42.347,2018-02-26 20:41:46,katienoodman,386291172
101,Drinking a Big Boy IPA by @beer_works at @beer_works ‚Äî https://t.co/qPcN5Rdu02 #photo,968223609155129347,-71.0989,"Saint John, New Brunswick",42.347,2018-02-26 20:37:51,katienoodman,386291172
102,Yes. Let the sunshine in. #solobianco @tenutaterraviva #trebbiano #chardonnay #passerina #buono‚Ä¶ https://t.co/wkXuAlJZFy,968221519271944198,-71.09686,"CENTRAL SQ., Cambridge, MA",42.36117,2018-02-26 20:29:33,centralbtlwine,59888158
103,"City Music Student Spotlight: Donte Harrison

Donte Harrison is a Vocal Principal at Boston Arts‚Ä¶ https://t.co/RNmY05CDvr",968220746903375872,-71.08881712,"Boston, MA",42.34717414,2018-02-26 20:26:29,CityMusicBoston,1954374439
104,"üêï...you don't talk, but you make me laugh üòÇ.....#Ruggles @ Husky Haven https://t.co/t0ibX7Vjk4",968220185264996352,-71.090166,#streetz #boston,42.345976,2018-02-26 20:24:15,blackboiberry,158699631
105,"@iamnotunusual @Samoabob in all seriousness I now sympathize more than ever, as one of my cousins is deep in the scam",968218346935214080,,02139,,2018-02-26 20:16:57,hoover_dam,35197742
106,"See our latest #Boston, MA #job and click to apply: Culinary Team Member (Cook) at Agganis Arena -‚Ä¶ https://t.co/slvHtPNUFl",968218225585438720,-71.1002881,"Boston, MA",42.3476181,2018-02-26 20:16:28,tmj_bos_jobs,37935754
107,@iamnotunusual @Samoabob do they not have scissors where you are,968217363035381764,,02139,,2018-02-26 20:13:02,hoover_dam,35197742
108,"""Lead with purpose; follow with metrics."" Teaching always helps me‚Ä¶ https://t.co/u0aGfbszxo",968216050885152768,-71.08705233,"Beverly Farms, MA",42.34705943,2018-02-26 20:07:49,gah650,759630
109,Did u buy #Airpods only to find out that they weren‚Äôt compatible editing with @AdobePremiere and then later find ou‚Ä¶ https://t.co/qc32g9wFCh,968215035590926336,,"Boston, MA",,2018-02-26 20:03:47,wolfmantrev,211368542
110,Talkin‚Äô shop as part of @bosconservatory #Intervals series. #alumnus #broadway #usewhatyagot‚Ä¶ https://t.co/RXxUuLJsYL,968214982138695680,-71.08998,NYC,42.34614,2018-02-26 20:03:34,TheNickAdams,28547812
111,Work hard play hardüòÅ @ Google Inc. https://t.co/nvldXtLozu,968214305811390466,-71.08728,"Boston, MA",42.3624,2018-02-26 20:00:53,nu_gwc,757372877557469184
112,Accident in #Boston on Storrow Dr WB at Mass Ave #traffic https://t.co/AoTr5OKtFq,968214120087674880,-71.08985,"Boston, MA",42.35157,2018-02-26 20:00:09,TotalTrafficBOS,249393984
113,Friday was awesome ! A big thank you to google for hosting us and exposing our members to Cloud‚Ä¶ https://t.co/vx0TR7tuV0,968212560481865728,-71.08728,"Boston, MA",42.3624,2018-02-26 19:53:57,nu_gwc,757372877557469184
114,"Hopefully Spring is in the air, because I‚Äôm tired of these blues. I‚Äôm tired of everyone‚Äôs‚Ä¶ https://t.co/fqCYGIYY53",968212321528156163,-71.08241,,42.34865,2018-02-26 19:53:00,ValGalNH,22291684
116,@AndrewDasNYT As you do,968209454176063489,,02139,,2018-02-26 19:41:36,hoover_dam,35197742
117,@SciencePunk @Battlehork the history of fire codes is a lesson in why libertarianism is a bad idea,968209379785891840,,02139,,2018-02-26 19:41:19,hoover_dam,35197742
118,@SciencePunk @Battlehork or that damn near every building code ever exists because somebody died,968209288312352768,,02139,,2018-02-26 19:40:57,hoover_dam,35197742
119,@coffeespoonie yeah that's when you start doing donuts in your chair around 'em,968208970979729410,,02139,,2018-02-26 19:39:41,hoover_dam,35197742
120,Happening right now! @ashadevos @shahselbe Annie Brett and Gregg Treinish discussing democratising the ocean on Scr‚Ä¶ https://t.co/pruEFvufpp,968208878545620994,,UK / Trinidad & Tobago,,2018-02-26 19:39:19,DivaAmon,441210459
121,Imy &lt;\3 @ Cafeteria Boston https://t.co/5bdTsTserz,968208346435252224,-71.0839699,,42.34936,2018-02-26 19:37:12,kimmgerahtyy,2675293256
122,One month in https://t.co/ZRif23zdjq,968207341538725888,,02139,,2018-02-26 19:33:13,hoover_dam,35197742
123,Drinking  The Fog That Surrounds by @CamBrewingCo at @cambridgebrewer ‚Äî https://t.co/bF1pFNh1Gh,968206802318962695,-71.0908,"Simsbury, Connecticut",42.3665,2018-02-26 19:31:04,santoast,16844466
124,In 10 mins: Trevor Watts &amp; Dexter Gordon Featured on WMBR's Research &amp; Development Program,968196472738140160,-71.083889,"Cambridge, MA",42.362222,2018-02-26 18:50:01,wmbr,15673749
125,"2018/03/03: Cambridge, MA, United States: Waacking Sessions Boston https://t.co/cSvSFRhwK0",968191184882499586,-71.0920689,Worldwide,42.3613361,2018-02-26 18:29:01,dancedeets,203930370
126,@thrace https://t.co/ELDMLvUsE4,968188902530940928,,02139,,2018-02-26 18:19:57,hoover_dam,35197742
127,@Zavagtastic @FriendlyFAUX The Shalrie Joseph Invitational,968184762438443008,,02139,,2018-02-26 18:03:30,hoover_dam,35197742
128,"RT @zuzubar: TONIGHT: American Echoes &amp; John Garrett Band!

Rsvp: https://t.co/oE5x6Q8qpI https://t.co/ythQYmKkIL",968181860131065861,,"Boston, MA",,2018-02-26 17:51:58,OnYourTurntable,162734561
129,@FriendlyFAUX Man I've wanted this for ages--you KNOW they'd be WC qualified every cycle and all those countries th‚Ä¶ https://t.co/QLPNlq4PU4,968180935203147777,,02139,,2018-02-26 17:48:17,hoover_dam,35197742
130,@gather_here https://t.co/NZZJyR7aRH,968178415277936641,,02139,,2018-02-26 17:38:16,hoover_dam,35197742
131,"@BrianStraus um excuse me best NE uniform was the 06-07 home ""peanut""",968178239213592581,,02139,,2018-02-26 17:37:34,hoover_dam,35197742
132,Thank you to our diners üòä We take great pride in making sure that our guest experience is nothing but the best and‚Ä¶ https://t.co/THI2tLdr3T,968175289615486980,,"Boston, MA",,2018-02-26 17:25:51,towneboston,854019995382239235
133,"I need to schedule a day to just do nothing but lounge around in bed, perhaps watching some‚Ä¶ https://t.co/Dk0sG07VLS",968170975278678017,-71.09648,"LA, BOS, SF, & NYC",42.34507,2018-02-26 17:08:42,ThePennyArcher,802626918055026688
134,Extremely excited for this event! @AllagashBrewing &amp; @IslandCreek  are teaming up for an Oyster &amp; Beer pairing even‚Ä¶ https://t.co/9lEjlQEWXA,968169411042578433,,"Boston, MA",,2018-02-26 17:02:29,AllagashMarissa,174555559
135,"TONIGHT: American Echoes &amp; John Garrett Band!

Rsvp: https://t.co/oE5x6Q8qpI https://t.co/ythQYmKkIL",968168363204710400,,"Cambridge, MA 02139",,2018-02-26 16:58:20,zuzubar,54668956
136,"Don‚Äôt miss out on the spring fundraiser! It will only be open until Friday, so get the long‚Ä¶ https://t.co/JW6mlGIKM8",968165442043949056,-71.09953,"Boston, MA",42.34958,2018-02-26 16:46:43,BUFigureSkating,111975120
137,BYOB never looked this put together! #besocial and Build Your Own Burger every Monday with us‚Ä¶ https://t.co/yyjbZ9aY2v,968165114250776576,-71.08345,"Boston, MA",42.34872,2018-02-26 16:45:25,BackBaySocial,112888917
138,Common exploration technology challenge: How do we speed up analysis so data analysis speed matches data collection‚Ä¶ https://t.co/nKAX093mth,968161881897742339,,"Philadelphia, PA",,2018-02-26 16:32:34,sepoulton,14502889
139,"RT @Newchurchie: Happy birthday to my baby‚ù§Ô∏èüòòno longer a teen lmaooooo, ily!!!!! ‚ù§Ô∏è‚ù§Ô∏è‚ù§Ô∏è‚ù§Ô∏è‚ù§Ô∏è‚ù§Ô∏è‚ù§Ô∏è‚ù§Ô∏è‚ù§Ô∏è‚ù§Ô∏è‚ù§Ô∏è‚ù§Ô∏è‚ù§Ô∏è‚ù§Ô∏è‚ù§Ô∏è‚ù§Ô∏è‚ù§Ô∏è https://t.co/WUqQGvQ8Qq",968160895594573824,,,,2018-02-26 16:28:39,driaaayaaaa,742182216919195648
140,"Happy Monday, Eagles! Stop by for some minestrone soup, chili, and beef stew: the perfect lunch‚Ä¶ https://t.co/SjmXmw11zd",968159828756631552,-71.07753,Fulton Hall - 1st Floor ,42.35167,2018-02-26 16:24:25,BC_BeanCounter,4160408555
141,Data Exploration: making discoveries by digging into the incredible amount of ocean data already collected. Can AI‚Ä¶ https://t.co/zAqu1LSpzb,968159306276392960,,"Philadelphia, PA",,2018-02-26 16:22:20,sepoulton,14502889
142,Monday Blues wishing we were back at @eskdboston #boston ‚ù§Ô∏è @‚Ä¶ https://t.co/JkYA0qnHhP,968157757131157504,-71.09564,"Toronto, Ontario",42.34849,2018-02-26 16:16:11,clodaghscannell,265576365
143,Catch @KatyCroffBell and @grace_h2o in action right now talking about the future of analysing and sharing ocean dat‚Ä¶ https://t.co/eEYC7hMGlW,968157177016971264,,UK / Trinidad & Tobago,,2018-02-26 16:13:53,DivaAmon,441210459
144,We love #giveaways almost as much as we love #pizza! Enter to win @pizzablonde‚Äôs contest for ‚Ä¢ 4‚Ä¶ https://t.co/12rpH8OwXk,968155253043445760,-71.09821558,"Boston, MA",42.3468411,2018-02-26 16:06:14,GameOnFenway,30972506
145,"We can‚Äôt get enough of the new works out of @C_Hallencreutz‚Äôs studio. This piece, ‚ÄúSignaling‚Ä¶ https://t.co/NuENison34",968153572776005632,-71.07897,"Boston, MA",42.35081,2018-02-26 15:59:33,DTRModern,55348953
146,@trilliumbrewing how much is the glass?,968153475329781760,,"Boston, MA",,2018-02-26 15:59:10,stevens_dan,33279960
147,Spent the morning‚Äôs run commute listening to the @roguerunning podcast. Excited to check out their store and group‚Ä¶ https://t.co/Kl54txIo7N,968152573327892480,,"Boston, MA",,2018-02-26 15:55:35,JWLevitt,385668781
148,"To everything, turn, turn, turn...crisping up some pork belly for the first of eight clients‚Ä¶ https://t.co/ISCzyTioOZ",968148589875728384,-71.09713,"Boston, MA",42.37055,2018-02-26 15:39:45,bostonburger,80856616
149,@NEAQ @CenterOceanLife John Mandelman inspiring action and mobilization for thriving oceans at the @medialab.‚Ä¶ https://t.co/cTMUQ8Z5of,968146048148475906,,,,2018-02-26 15:29:39,janewolfson2,315541589
150,"RT @hoover_dam: @kevincollier @EdgeofSports Hey that's not fair

It's also the go-to for hillbilly incest jokes
[I'm originally from wheeli‚Ä¶",968145079100755970,,"New York, New York",,2018-02-26 15:25:48,KFCMF,321576546
151,"Accident, right lane blocked in #Boston on Storrow Dr at Fenway #traffic https://t.co/AoTr5OKtFq",968144523380617216,-71.093,"Boston, MA",42.3512,2018-02-26 15:23:36,TotalTrafficBOS,249393984
152,"Congrats, Jo!!! 25th #weddinganniversary !! #worklife #silver #happy #loveisgreat @ British‚Ä¶ https://t.co/aGAjaHEQvl",968141700718833665,-71.0832,Massachusetts,42.36273,2018-02-26 15:12:23,MCLampaSays,32022463
153,"Happy birthday to my baby‚ù§Ô∏èüòòno longer a teen lmaooooo, ily!!!!! ‚ù§Ô∏è‚ù§Ô∏è‚ù§Ô∏è‚ù§Ô∏è‚ù§Ô∏è‚ù§Ô∏è‚ù§Ô∏è‚ù§Ô∏è‚ù§Ô∏è‚ù§Ô∏è‚ù§Ô∏è‚ù§Ô∏è‚ù§Ô∏è‚ù§Ô∏è‚ù§Ô∏è‚ù§Ô∏è‚ù§Ô∏è https://t.co/WUqQGvQ8Qq",968139333843800064,,"Boston, MA",,2018-02-26 15:02:59,Newchurchie,748580948
154,In 4 hrs: Trevor Watts &amp; Dexter Gordon Featured on WMBR's Research &amp; Development Program,968138589564436481,-71.083889,"Cambridge, MA",42.362222,2018-02-26 15:00:01,wmbr,15673749
155,"This thursday, march 1st at 3pm @ The Berklee Bookstore https://t.co/GG0uCoaRFS",968135345412993031,-71.088367,USA,42.34707,2018-02-26 14:47:08,jetroscholar,27477923
156,"Belle chronique de @YanickLahens sur la Francophonie en¬†Ha√Øti. Mais il y a une autre histoire √† l‚Äôinstar de Fanon,‚Ä¶ https://t.co/YjHMazW6YN",968132133310132224,,MIT,,2018-02-26 14:34:22,MichelDeGraff,2203470013
157,Nice... https://t.co/qYx9xiZBe0,968131553502093312,,"Boston, MA",,2018-02-26 14:32:04,OnlyInBOS,700903452
158,"@kevincollier @EdgeofSports Hey that's not fair

It's also the go-to for hillbilly incest jokes
[I'm originally from wheeling]",968125908849774592,,02139,,2018-02-26 14:09:38,hoover_dam,35197742
159,"CONGRATULATIONS to Sasso &amp; Company on a tremendous weekend of art &amp; passion, ""deeply rooted"" in‚Ä¶ https://t.co/Z9ks4T6vS7",968125338546003969,-71.10233,536 Mass Ave. Cambridge MA,42.36419,2018-02-26 14:07:22,DanceComplex,2218022312
160,@darrylayo OH YEAH LET'S TAKE THIS OUTSIDE AYO,968122731962208256,,02139,,2018-02-26 13:57:00,hoover_dam,35197742
161,"I'm at Clover Food Lab KND - @cloverknd in Cambridge, MA https://t.co/yblVHEetoc",968121874558455808,-71.08725928,"Somerville, MA",42.36255507,2018-02-26 13:53:36,mooshu1x2,2327296483
162,Today: launrdy,968119446962401281,,02139,,2018-02-26 13:43:57,hoover_dam,35197742
164,Let‚Äôs hope this is my last photo featuring snow for a while. #boston #winter #springcomenow @‚Ä¶ https://t.co/xgMa95nJA9,968109211497451520,-71.08761,"Boston, MA",42.37192,2018-02-26 13:03:17,HamblinMarcus,79810049
165,"Want to work at Massachusetts Institute of Techn...? We're #hiring in #Cambridge, MA! Click for details:‚Ä¶ https://t.co/if9dcHb0uM",968108184857559040,-71.0824613,"Boston, MA",42.3635847,2018-02-26 12:59:12,tmj_bos_edu,21799895
166,"MICHAEL is the FREE rose name of the day! If that‚Äôs your name, stop by the shop in Central Square, #CambMA today 2/‚Ä¶ https://t.co/gLRjmBf9zv",968101954181353472,,"653 Mass Ave. Cambridge, MA",,2018-02-26 12:34:26,csflorist,42252757
167,#mondaymotivation { i } https://t.co/8ayWPxlcmt,968093582098944000,-71.08370089,"Boston, MA",42.34886509,2018-02-26 12:01:10,ideaspaceboston,1723062008
168,"These sweet friends stopped me in my tracks on my morning run.
#newburystreet #getinmycloset‚Ä¶ https://t.co/pEcywjR3Ru",968092778273099776,-71.07919604,"Boston, MA",42.35014959,2018-02-26 11:57:59,DeanWenner,18778720
169,Up to 59% Off at Mogi'z Salon and Art Gallery - Cambridge https://t.co/Y4eCsdU6xW,968082502727471105,-71.0854,"Boston, MA",42.3716,2018-02-26 11:17:09,SB_BostonDeals,535415623
170,"Join the Canon U.S.A., Inc. team! See our latest #job opening here: https://t.co/qOuQ9rBGdj #BusinessMgmt #Cambridge, MA #Hiring",968074715393794049,-71.0935083,"Irvine, CA",42.3659295,2018-02-26 10:46:12,DToolboxJobs,1058710904
171,@davidhogg111 @eBay @amazon @USPS @NRATV @davidhogg111 @amazon owns @eBay,968004814503280641,,"cambridge, ma 02139",,2018-02-26 06:08:27,mirandaLevy333,124232294
172,"This üåß weather has us wanting to go out for a movie, so the #icelympics2018 $25 gift card is to @KendallCinema! üé¨‚Ä¶ https://t.co/3zYUw9PWT5",967974138861309957,,,,2018-02-26 04:06:33,CXCambridge,869997838910062592
173,Thank You @BackBaySocial for the #BDay love!! Shout outs to Carly Michele and Chris!! https://t.co/Edl4zkViHl,967969761811402752,,"Boston, MA",,2018-02-26 03:49:09,BostonAttitude,355686812
174,BU Last Chance Meet„Åß1mile‚Ä¶ https://t.co/ZYbbz0xrAB,967963046768504833,-71.0997,,42.3496,2018-02-26 03:22:28,8810_0411,4825599110
175,"(Go, Roku, and Nana all quickly figured out that the mystery dot was a toy that went away)",967961939132510209,,02139,,2018-02-26 03:18:04,hoover_dam,35197742
176,"I'm at @MaxBrennerUsa in Boston, MA https://t.co/28eXCs4W2h",967961607241334784,-71.08100653,"Boston, MA",42.34925955,2018-02-26 03:16:45,NA98c,924789265309011969
177,"Mike just introduced Hachi to the laser pointer, and now Hachi is REALLY confused about where the mystery dot keeps going",967961486936166402,,02139,,2018-02-26 03:16:16,hoover_dam,35197742
178,"I think that I'll keep loving you, way past sixty-five.

We made a language for us two, we don't need to describe.‚Ä¶ https://t.co/bhpxplDi8G",967958242340036608,,"Boston, MA",,2018-02-26 03:03:23,OnlyInBOS,700903452
179,take us to paradise ‚≠êÔ∏èÔ∏è full video link in bio @ The Berklee Voice Department https://t.co/LIKrctTXRI,967954903955107840,-71.0894089,Under the bridge,42.3466949,2018-02-26 02:50:07,bittymacbeth,82059112
180,What a way to end the 2018 championship. Conference 400 free relay champions. https://t.co/RlDqqGa4yD,967948477098586112,,"Norton, Mass.",,2018-02-26 02:24:35,WheatonMass_AD,349131868
181,"CANT WAIT 4 TAILG8s @ Zac Brown Band, Fenway Park https://t.co/h8BU2DfgB2",967947145608245248,-71.09725986,"Florence, NJ",42.34641854,2018-02-26 02:19:17,katkrywy,433886070
182,"Here‚Äôs The Video of The Day! ‚ÄúGAIA‚Äù by @1kaz2 Drum Solo, alternate take,
Enjoy! Happy Sunday! @‚Ä¶ https://t.co/59AcEVAOVl",967942527407087621,-71.0870288,"Boston, MA",42.3462856,2018-02-26 02:00:56,VladeGuigni,79611240
183,Brunch date üíôüç¥üçæ @ Abe &amp; Louie's https://t.co/sc0ZDdaHlF,967941417157799936,-71.08159,Mrs. Aboujaoude ‚ù§Ô∏è,42.34922,2018-02-26 01:56:31,KathrynLynHam,259883500
184,Hey guys! Just a little note that I will be live-streaming on Facebook Wednesday night at 8pm‚Ä¶ https://t.co/1cE0CLvx2Q,967939731085381632,-71.08705233,"Nashville, TN",42.34705943,2018-02-26 01:49:49,AmeliaEOfficial,1453292240
185,"RT @hoover_dam: Oh, but when WE do it, it's ""ugh MLS nerds"" https://t.co/G74al4R0in",967939474683547649,,"Flurridah, Cuckmerica",,2018-02-26 01:48:48,Battlehork,55090714
186,"Oh, but when WE do it, it's ""ugh MLS nerds"" https://t.co/G74al4R0in",967938975011885061,,02139,,2018-02-26 01:46:49,hoover_dam,35197742
187,"@jeff_lemieux @BrianDunseth oh god

my last four broken bones...",967931268414541829,,02139,,2018-02-26 01:16:12,hoover_dam,35197742
188,Wishing my momma would visit every weekend...or just move to Boston already üòâ #latergram‚Ä¶ https://t.co/ELtNZWZL1s,967927730170773504,-71.08159,"Boston, MA",42.34922,2018-02-26 01:02:08,blovedboston,19242140
189,"It‚Äôs almost time folks! 
@skinnylister 
#MiddleEastNightclub @ Middle East Restaurant and‚Ä¶ https://t.co/bNZ4EIctg3",967927029323747329,-71.10143,"S.Dartmouth, MA",42.36386,2018-02-26 00:59:21,picsbyadam,553824400
190,@DLoesch @benshapiro Must be tough for your kids to learn that their mom is a sociopath who works to make life more‚Ä¶ https://t.co/vamhQSYAPm,967926519065694208,,"Boston, MA",,2018-02-26 00:57:20,jfleming2870,1157923518
191,"@OkigboHTX Does this also apply to ""if he says he wouldn't jump the fence for Michael B. Jordan...?""",967921886448496642,,02139,,2018-02-26 00:38:55,hoover_dam,35197742
192,"Flexin on em with a school record, and a big PR in the 3K tonight! @ Boston University https://t.co/rryEfw4UUT",967918770319757314,-71.0997,"Evanston, IL",42.3496,2018-02-26 00:26:32,nuxc_wildcats,556166026
193,Pues creo que esta versi√≥n quedo mejor o que? üòÇ‚ù§Ô∏è que dicen ahora #Origami feat jcuellog en‚Ä¶ https://t.co/aLDDbpYSlB,967917819726827520,-71.08705233,Quito,42.34705943,2018-02-26 00:22:45,mcattanimusic1,714251132713959428
194,"is it just me or does everyone have those ""cousins"" who it takes 3 family tree diagrams and 4 stories dating back t‚Ä¶ https://t.co/ABqHPdOKhJ",967916352995545088,,02215,,2018-02-26 00:16:56,adgiasson,275239115
195,Jamming over some the1975 featuring ebcordapea in the floor üòÇü§òüèºüï∫üèº #berklee‚Ä¶ https://t.co/fviuFYDi5J,967912682392375296,-71.0870288,"Bogot√°, D.C., Colombia",42.3462856,2018-02-26 00:02:21,martingonar,782609083
196,@stratktten Yay!,967912672560893952,,02139,,2018-02-26 00:02:18,hoover_dam,35197742
197,@brianphillips https://t.co/U15XI0FsBC,967911371194159104,,02139,,2018-02-25 23:57:08,hoover_dam,35197742
198,"@IISuperwomanII show at my college, thought you might like to see! https://t.co/41X6RbKqlS",967906299831836672,,Nerdfighteria,,2018-02-25 23:36:59,FeministOnFire4,2990146663
199,"Excited to be speaking tomorrow at 2:30pm on oceans, science communication, and museums: link to the live stream he‚Ä¶ https://t.co/sfkgqb1UN5",967904921331879936,,"Philadelphia, PA",,2018-02-25 23:31:30,sepoulton,14502889
200,"#Vegan #dessert 
Cherry pie with Vegan Whipped Cream

Veggie Galaxy 
#CentralSq #CambridgeMA @‚Ä¶ https://t.co/CKoKQFyqZq",967902828852375552,-71.1011,"Malden, MA",42.36348,2018-02-25 23:23:11,Alexa1018,72064773
201,"Lots of good stuff from a recent trip to commonwealthcambridge #kendallsquare #cambridge,‚Ä¶ https://t.co/WVDhen6lm7",967900314367152130,-71.08256,"Somerville, MA",42.36327,2018-02-25 23:13:12,blumie,14575152
202,I ‚ù§Ô∏è Korean BBQ! I‚Äôve been eating at #Koreana for as long as I can remember ‚Äî even had my‚Ä¶ https://t.co/wV0rcMKUdK,967894725792497664,-71.10093,"Massachusetts, USA",42.36906,2018-02-25 22:50:59,BalzerDesigns,228832947
203,"#Vegan food
Chic'n &amp; Waffles

(With vegan blue cheese for the chick'n &amp; maple syrup for the‚Ä¶ https://t.co/b2gxtnaKZY",967893838642728961,-71.1011,"Malden, MA",42.36348,2018-02-25 22:47:28,Alexa1018,72064773
204,"Hipster @EvanDrellich won‚Äôt name his source, but we all know he went to the Borges school of sourcing and won‚Äôt jus‚Ä¶ https://t.co/0d3Y9TMG17",967891308487626753,,"Boston, MA",,2018-02-25 22:37:25,SoxTrump,867527705633402880
205,"I'm at Target in Cambridge, MA https://t.co/mVw2m6uRRF",967890354677706752,-71.10263418,"Boston, MA",42.36461678,2018-02-25 22:33:37,sirsim,16856267
206,Lol I got so much pizza omg@ https://t.co/VkS9470ddZ,967889285524402177,,"Boston, MA",,2018-02-25 22:29:22,verynormalgrl,339430371
